,Area,PLC prog unit,Device Name,Device,PLC Tag,PLC dep gauge1,PLC dep gauge2,PLC dep pump1,PLC dep valve1,Volume,sim dep vol1,sim dep vol2
1,EBD,,RTDS-VGC-1,VV1S,VGC,RTDS-GCC-1,,,,RTDS-VGC-1,,RTDS
2,EBD,,RTDS-GCC-1,CG1S,MKS422,,,,,RTDS,,
3,EBD,,RTDS-GPI-1,PG1S,MKS317,RTDS-GCC-1,,,,RTDS,,
4,EBD,,,not labeled,PIP_Gamma,,,,,RTDS,,
5,EBD,,,not labeled,PIP_Gamma,,,,,RTDS,,
6,EBD,,,not labeled,PIP_Gamma,,,,,RTDS,,
7,EBD,,,not labeled,PIP_Gamma,,,,,RTDS,,
8,EBD,,,not labeled,PIP_Gamma,,,,,RTDS,,
9,EBD (GMD),,EM1K0-GMD-VGC-1,VV2S,VGC,RTDS-GCC-1,EM1K0-GMD-GCC-10,,,EM1K0-GMD-VGC-1,RTDS,GMD
10,EBD (GMD),GMD,EM1K0-GMD-GPI-10,GPI-10,MKS317,,,,,GMD,,
11,EBD (GMD),GMD,EM1K0-GMD-PTM-10,PTM-10,PTM_TwisTorr,,,,,,EM1K0-GMD-VRC-10-VOL,RoughingLine
12,EBD (GMD),GMD,EM1K0-GMD-VRC-10,VGC-10,VRC,,,,,,GMD,EM1K0-GMD-VRC-10-VOL
13,EBD (GMD),GMD,EM1K0-GMD-GCC-10,GCC-10,MKS422,EM1K0-GMD-GPI-10,,,,GMD,,
14,EBD (GMD),GMD,EM1K0-GMD-PTM-20,PTM-20,PTM_TwisTorr,,,,,,EM1K0-GMD-VRC-20-VOL,RoughingLine
15,EBD (GMD),GMD,EM1K0-GMD-VRC-20,VGC-20,VRC,,,,,,GMD,EM1K0-GMD-VRC-20-VOL
16,EBD (GMD),GMD,EM1K0-GMD-GCC-20,GCC-20,MKS422,EM1K0-GMD-GPI-10,,,,GMD,,
17,EBD (GMD),GMD,EM1K0-GMD-PTM-30,PTM-30,PTM_TwisTorr,,,,,,EM1K0-GMD-VRC-30-VOL,RoughingLine
18,EBD (GMD),GMD,EM1K0-GMD-VRC-30,VGC-30,VRC,,,,,,GMD,EM1K0-GMD-VRC-30-VOL
19,EBD (GMD),GMD,EM1K0-GMD-GCC-30,GCC-30,MKS422,EM1K0-GMD-GPI-10,,,,GMD,,
20,EBD (GMD),GMD,EM1K0-GMD-PRT-40,PR-40,EbaraEVA,,,,,,RoughingLine,
21,EBD (GMD),GMD,EM1K0-GMD-PTM-40,PTM-40,PTM_TwisTorr,,,,,,GMD,RoughingLine
22,EBD (GMD),GMD,EM1K0-GMD-VCN-40,VCN-40,,,,,,,,
23,EBD (GMD),GMD,EM1K0-GMD-VGC-40,VGC-40,,,,,,,,
24,EBD (GMD),GMD,EM1K0-GMD-VGP-40,VGP-40,,,,,,,GMD,EM1K0-GMD-VGP-40-VOL
25,EBD (GMD),GMD,EM1K0-GMD-GCC-40,GCC-40,MKS422,EM1K0-GMD-GPI-40,,,,GMD,,
26,EBD (GMD),GMD,EM1K0-GMD-GPI-40,GPI-40,MKS317,,,,,GMD,,
27,EBD (GMD),GMD,EM1K0-GMD-PTM-50,PTM-50,PTM_TwisTorr,,,,,,EM1K0-GMD-VRC-50-VOL,RoughingLine
28,EBD (GMD),GMD,EM1K0-GMD-VRC-50,VGC-50,VRC,,,,,,GMD,EM1K0-GMD-VRC-50-VOL
29,EBD (GMD),GMD,EM1K0-GMD-GCC-50,GCC-50,MKS422,EM1K0-GMD-GPI-70,,,,GMD,,
30,EBD (GMD),GMD,EM1K0-GMD-PTM-60,PTM-60,PTM_TwisTorr,,,,,,EM1K0-GMD-VRC-60-VOL,RoughingLine
31,EBD (GMD),GMD,EM1K0-GMD-VRC-60,VGC-60,VRC,,,,,,GMD,EM1K0-GMD-VRC-60-VOL
32,EBD (GMD),GMD,EM1K0-GMD-GCC-60,GCC-60,MKS422,EM1K0-GMD-GPI-70,,,,GMD,,
33,EBD (GMD),GMD,EM1K0-GMD-PTM-70,PTM-70,PTM_TwisTorr,,,,,,EM1K0-GMD-VRC-70-VOL,RoughingLine
34,EBD (GMD),GMD,EM1K0-GMD-VRC-70,VGC-70,VRC,,,,,,GMD,EM1K0-GMD-VRC-70-VOL
35,EBD (GMD),GMD,EM1K0-GMD-GCC-70,GCC-70,MKS422,EM1K0-GMD-GPI-70,,,,GMD,,
36,EBD (GMD),GMD,EM1K0-GMD-GPI-70,GPI-70,MKS317,,,,,GMD,,
37,EBD (GMD),,N/A,VGC-02,,,,,,,,
38,EBD,,IM2K0-XTES-GCC-1,CG2S,MKS422,IM2K0-XTES-GPI-1,,,,GMD,,
39,EBD,,IM2K0-XTES-GPI-1,PG2S,MKS317,,,,,GMD,,
40,EBD,,PCPM3B-PIP-1,IP1S (100L),PIP_Gamma,IM2K0-XTES-GCC-1,,,,GMD,,
41,EBD,,TV1K0-GAS-GCC-1,CG3S,MKS422,TV1K0-GAS-GPI-1,,,,GMD,,
42,EBD,,TV1K0-GAS-GPI-1,PG3S,MKS317,,,,,GMD,,
43,EBD,,TV1K0-GAS-VGC-1,VV3S,VGC,TV1K0-GAS-GCC-1,AT1K0_GAS_GCC_10,,,TV1K0-GAS-VGC-1,GMD,GATT
44,EBD (GATT) diff,,,VGC01,,,,,,GATT,,
45,EBD (GATT) diff,,AT1K0_GAS_PTM_10,PTM-10 (diff pump 1),PTM_Ebara_010M,AT1K0_GAS_GCC_10,,,,GATT,,
46,EBD (GATT) diff,,AT1K0_GAS_VRC_10,VGC-10 (diff pump 1),VRC,AT1K0_GAS_GCC_10,,,,GATT,,
47,EBD (GATT) diff,,AT1K0_GAS_GPI_10,GPI-10 (diff pump 1),MKS317,,,,,GATT,,
48,EBD (GATT) diff,,AT1K0_GAS_GCC_10,GCC-10 (diff pump 1),MKS422,AT1K0_GAS_GPI_10,,,,GATT,,
49,EBD (GATT) diff,,AT1K0_GAS_PTM_20,PTM-20 (diff pump 2),PTM_Ebara_010M,AT1K0_GAS_GCC_20,,,,GATT,,
50,EBD (GATT) diff,,AT1K0_GAS_VRC_20,VGC-20 (diff pump 2),VRC,AT1K0_GAS_GCC_20,,,,GATT,,
51,EBD (GATT) diff,,AT1K0_GAS_GPI_20,GPI-20 (diff pump 2),MKS317,,,,,GATT,,
52,EBD (GATT) diff,,AT1K0_GAS_GCC_20,GCC-20 (diff pump 2),MKS422,AT1K0_GAS_GPI_20,,,,GATT,,
53,EBD (GATT) diff,,AT1K0_GAS_GPI_11,GPI-10,MKS317,,,,,GATT,,
54,EBD (GATT) diff,,AT1K0_GAS_PFM_01,PR-10,EbaraDryPump,,,,,GATT,,
55,EBD (GATT) diff,,AT1K0_GAS_PTM_30,PTM-30 (diff pump 3),PTM_Ebara_010M,AT1K0_GAS_GCC_30,,,,GATT,,
56,EBD (GATT) diff,,AT1K0_GAS_VRC_30,VGC-30 (diff pump 3),VRC,AT1K0_GAS_GCC_30,,,,GATT,,
57,EBD (GATT) diff,,AT1K0_GAS_GPI_30,GPI-30 (diff pump 3),MKS317,,,,,GATT,,
58,EBD (GATT) diff,,AT1K0_GAS_GCC_30,GCC-30 (diff pump 3),MKS422,AT1K0_GAS_GPI_30,,,,GATT,,
59,EBD (GATT) diff,,AT1K0_GAS_PTM_40,PTM-40 (diff pump 4),PTM_Ebara_010M,AT1K0_GAS_GCC_40,,,,GATT,,
60,EBD (GATT) diff,,AT1K0_GAS_VRC_40,VGC-40 (diff pump 4),VRC,AT1K0_GAS_GCC_40,,,,GATT,,
61,EBD (GATT) diff,,AT1K0_GAS_GPI_40,GPI-40 (diff pump 4),MKS317,,,,,GATT,,
62,EBD (GATT) diff,,AT1K0_GAS_GCC_40,GCC-40 (diff pump 4),MKS422,AT1K0_GAS_GPI_40,,,,GATT,,
63,EBD (GATT) MA,,AT1K0_GAS_VRC_50,VGC-50,VRC,AT1K0_GAS_GCC_50,,,,GATT,,
64,EBD (GATT) MA,,AT1K0_GAS_GPI_50,GPI-50 ,MKS317,,,,,GATT,,
65,EBD (GATT) MA,,AT1K0_GAS_GCC_50,GCC-50,MKS422,AT1K0_GAS_GPI_50,,,,GATT,,
66,EBD (GATT) MA,,AT1K0_GAS_VRC_60,VGC-60,VRC,AT1K0_GAS_GCC_60,,,,GATT,,
67,EBD (GATT) MA,,AT1K0_GAS_GPI_60,GPI-60,MKS317,,,,,GATT,,
68,EBD (GATT) MA,,AT1K0_GAS_GCC_60,GCC-60,MKS422,AT1K0_GAS_GPI_60,,,,GATT,,
69,EBD (GATT) MA,,AT1K0_GAS_GPI_61,GPI-60(roughing pump port?),MKS317,,,,,GATT,,
70,EBD (GATT) MA,,AT1K0_GAS_PFM_60,PR-60,EbaraDryPump,,,,,GATT,,
71,FEE(GATT) INJ,,AT1K0_GAS_VVC_70,VGC-70,VCC,,,,,GATT,,
72,FEE(GATT) INJ,,AT1K0_GAS_PTM_80,PTM-80,PTM_Ebara_010M,,,,,GATT,,
73,FEE(GATT) INJ,,AT1K0_GAS_VGP_80,VGP-80,VGC,AT1K0_GAS_GCC_60,AT1K0_GAS_GCC_80,,,GATT,,
74,FEE(GATT) INJ,,AT1K0_GAS_GPI_80,GPI-80,MKS317,,,,,GATT,,
75,FEE(GATT) INJ,,AT1K0_GAS_GCC_80,GCC-80,MKS422,,,,,GATT,,
76,FEE(GATT) MA,,AT1K0_GAS_VRC_90,VGC-90,VRC,AT1K0_GAS_GCC_90,,,,GATT,,
77,FEE(GATT) MA,,AT1K0_GAS_GCC_90,GCC-90,MKS422,AT1K0_GAS_GPI_90,,,,GATT,,
78,FEE(GATT) MA,,AT1K0_GAS_GPI_90,GPI-90,MKS317,,,,,GATT,,
79,FEE(GATT) MA,,AT1K0_GAS_VRC_100,VGC-100,VRC,AT1K0_GAS_GCC_100,,,,GATT,,
80,FEE(GATT) MA,,AT1K0_GAS_GCC_100,GCC-100,MKS422,AT1K0_GAS_GPI_100,,,,GATT,,
81,FEE(GATT) MA,,AT1K0_GAS_GPI_100,GPI-100,MKS317,,,,,GATT,,
82,FEE(GATT) diff,,FEES-GATT-GPI-111,GPI-110 (roughing pump port?),MKS275,,,,,GATT,,
83,FEE(GATT) diff,,AT1K0_GAS_PTM_110,PTM-110 (diff pump 5),PTM_Ebara_010M,AT1K0_GAS_GCC_110,,,,GATT,,
84,FEE(GATT) diff,,AT1K0_GAS_VRC_110,VGC-110 (diff pump 5),VRC,AT1K0_GAS_GCC_110,,,,GATT,,
85,FEE(GATT) diff,,AT1K0_GAS_GPI_110,GPI-110 (diff pump 5),MKS317,,,,,GATT,,
86,FEE(GATT) diff,,AT1K0_GAS_GCC_110,GCC-110 (diff pump 5),MKS422,AT1K0_GAS_GPI_110,,,,GATT,,
87,FEE(GATT) diff,,AT1K0_GAS_GPI_121,GPI-120 (roughing pump port?),MKS275,,,,,GATT,,
88,FEE(GATT) diff,,AT1K0_GAS_PTM_120,PTM-120 (diff pump 6),PTM_Ebara_010M,AT1K0_GAS_GCC_120,,,,GATT,,
89,FEE(GATT) diff,,AT1K0_GAS_VRC_120,VGC-120 (diff pump 6),VRC,AT1K0_GAS_GCC_120,,,,GATT,,
90,FEE(GATT) diff,,AT1K0_GAS_GPI_120,GPI-120 (diff pump 6),MKS317,,,,,GATT,,
91,FEE(GATT) diff,,AT1K0_GAS_GCC_120,GCC-120 (diff pump 6),MKS422,AT1K0_GAS_GPI_120,,,,GATT,,
92,FEE(GATT) diff,,AT1K0_GAS_PTM_130,PTM-130 (diff pump 7),PTM_Ebara_010M,AT1K0_GAS_GCC_130,,,,GATT,,
93,FEE(GATT) diff,,AT1K0_GAS_VRC_130,VGC-130 (diff pump 7),VRC,AT1K0_GAS_GCC_130,,,,GATT,,
94,FEE(GATT) diff,,AT1K0_GAS_GPI_130,GPI-130 (diff pump 7),MKS317,,,,,GATT,,
95,FEE(GATT) diff,,AT1K0_GAS_GCC_130,GCC-130 (diff pump 7),MKS422,AT1K0_GAS_GPI_130,,,,GATT,,
96,FEE(GATT) diff,,AT1K0_GAS_GPI_121,GPI-130 (roughing pump port?),MKS275,,,,,GATT,,
97,FEE(GATT) diff,,AT1K0_GAS_PTM_140,PTM-140,PTM_Ebara_010M,AT1K0_GAS_GCC_140,,,,GATT,,
98,FEE(GATT) diff,,AT1K0_GAS_VRC_140,VGC-140,VRC,AT1K0_GAS_GCC_140,,,,GATT,,
99,FEE(GATT) diff,,AT1K0_GAS_GPI_140,GPI-140,MKS317,,,,,GATT,,
100,FEE(GATT) diff,,AT1K0_GAS_GCC_140,GCC-140,MKS422,AT1K0_GAS_GPI_140,,,,GATT,,
101,FEE,,EM1K0-XGMD-VGC-1,VV4S,VGC,AT1K0_GAS_GCC_140,EM1K0-XGMD-GCC-10,,,EM1K0-XGMD-VGC-1,GATT,XGMD
102,FEE(XGMD),,EM1K0-XGMD-GPI-10,GPI-10,MKS317,,,,,XGMD,,
103,FEE(XGMD),,EM1K0-XGMD-PTM-10,PTM-10,PTM_Ebara_010M,EM1K0-XGMD-GCC-10,,,,XGMD,,
104,FEE(XGMD),,EM1K0-XGMD-VGC-10,VGC-10,VGC,AT1K0_GAS_GCC_140,EM1K0-XGMD-GCC-10,,,XGMD,,
105,FEE(XGMD),,EM1K0-XGMD-GCC-10,GCC-10,MKS422,EM1K0-XGMD-GPI-10,,,,XGMD,,
106,FEE(XGMD),,EM1K0-XGMD-PTM-20,PTM-20,PTM_Agilent,EM1K0-XGMD-GCC-20,,,,XGMD,,
107,FEE(XGMD),,EM1K0-XGMD-VGC-20,VGC-20,VGC,EM1K0-XGMD-GCC-20,EM1K0-XGMD-GCC-30,,,XGMD,,
108,FEE(XGMD),,EM1K0-XGMD-GCC-20,GCC-20,MKS422,EM1K0-XGMD-GPI-10,,,,XGMD,,
109,FEE(XGMD),,EM1K0-XGMD-PTM-30,PTM-30,PTM_Agilent,EM1K0-XGMD-GCC-30,,,,XGMD,,
110,FEE(XGMD),,EM1K0-XGMD-VGC-30,VGC-30,VGC,EM1K0-XGMD-GCC-30,EM1K0-XGMD-GCC-40,,,XGMD,,
111,FEE(XGMD),,EM1K0-XGMD-GCC-30,GCC-30,MKS422,EM1K0-XGMD-GPI-10,,,,XGMD,,
112,FEE(XGMD),,EM1K0-XGMD-PTM-40,PTM-40,PTM_Agilent,EM1K0-XGMD-GCC-40,,,,XGMD,,
113,FEE(XGMD),,EM1K0-XGMD-VGC-40,VGC-40,VGC,EM1K0-XGMD-GCC-40,EM1K0-XGMD-GCC-50,,,XGMD,,
114,FEE(XGMD),,EM1K0-XGMD-GCC-40,GCC-40,MKS422,EM1K0-XGMD-GPI-10,,,,XGMD,,
115,FEE(XGMD),,EM1K0-XGMD-PTM-50,PTM-50,PTM_Agilent,EM1K0-XGMD-GCC-50,,,,XGMD,,
116,FEE(XGMD),,EM1K0-XGMD-VGP-50,VGP-50,VGC,EM1K0-XGMD-GCC-50,,,,XGMD,,
117,FEE(XGMD),,EM1K0-XGMD-GCC-50,GCC-50,MKS422,EM1K0-XGMD-GPI-50,,,,XGMD,,
118,FEE(XGMD),,EM1K0-XGMD-GPI-50,GPI-50 ,MKS317,,,,,XGMD,,
119,FEE(XGMD),,EM1K0-XGMD-PRT-50,PR-50,PTM_Agilent,EM1K0-XGMD-GCC-50,,,,XGMD,,
120,FEE(XGMD),,EM1K0-XGMD-VCN-50,VCN-50,VCN,,,,,XGMD,,
121,FEE(XGMD),,EM1K0-XGMD-GPI-90,GPI-90,MKS317,,,,,XGMD,,
122,FEE(XGMD),,EM1K0-XGMD-PTM-60,PTM-60,PTM_Agilent,EM1K0-XGMD-GCC-60,,,,XGMD,,
123,FEE(XGMD),,EM1K0-XGMD-VGC-60,VGC-60,VGC,EM1K0-XGMD-GCC-60,EM1K0-XGMD-GCC-70,,,XGMD,,
124,FEE(XGMD),,EM1K0-XGMD-GCC-60,GCC-60,MKS422,EM1K0-XGMD-GPI-90,,,,XGMD,,
125,FEE(XGMD),,EM1K0-XGMD-PTM-70,PTM-70,PTM_Agilent,EM1K0-XGMD-GCC-70,,,,XGMD,,
126,FEE(XGMD),,EM1K0-XGMD-VGC-70,VGC-70,VGC,EM1K0-XGMD-GCC-70,EM1K0-XGMD-GCC-80,,,XGMD,,
127,FEE(XGMD),,EM1K0-XGMD-GCC-70,GCC-70,MKS422,EM1K0-XGMD-GPI-90,,,,XGMD,,
128,FEE(XGMD),,EM1K0-XGMD-PTM-80,PTM-80,PTM_Agilent,EM1K0-XGMD-GCC-80,,,,XGMD,,
129,FEE(XGMD),,EM1K0-XGMD-VGC-80,VGC-80,VGC,EM1K0-XGMD-GCC-80,EM1K0-XGMD-GCC-90,,,XGMD,,
130,FEE(XGMD),,EM1K0-XGMD-GCC-80,GCC-80,MKS422,EM1K0-XGMD-GPI-90,,,,XGMD,,
131,FEE(XGMD),,EM1K0-XGMD-PTM-90,PTM-90,PTM_Agilent,EM1K0-XGMD-GCC-90,,,,XGMD,,
132,FEE(XGMD),,EM1K0-XGMD-VGC-90,VGC-90,VGC,EM1K0-XGMD-GCC-90,,,,XGMD,,
133,FEE(XGMD),,EM1K0-XGMD-GCC-90,GCC-90,MKS422,EM1K0-XGMD-GPI-90,TV2K0-GCC-1,,,XGMD,,
134,FEE,,TV2K0-VGC-1,VV5S,VGC,EM1K0-XGMD-GCC-90,TV2K0-GCC-1,,,XGMD,,
135,FEE,,TV2K0-VGC-2,VV6S,VGC,TV2K0-GCC-1,TV2K0-GCC-2,,,TV2K0-VGC-2,XGMD,FUTURE_SPECTROMOETER
136,FEE,,TV2K0-GCC-1,CG4S,MKS422,TV2K0-GPI-1,,,,FUTURE_SPECTROMOETER,,
137,FEE,,TV2K0-GPI-1,PG4S,MKS317,,,,,FUTURE_SPECTROMOETER,,
138,FEE,,TV2K0-GCC-2,CG5S,MKS422,TV2K0-GPI-1,,,,FUTURE_SPECTROMOETER,,
139,FEE,,TV2K0-GPI-1,PG5S,MKS317,,,,,FUTURE_SPECTROMOETER,,
140,FEE,,TV2K0-VFS-1,FV1S,VCC,,,,,FUTURE_SPECTROMOETER,,
141,FEE,,PA1K0-GCC-1,CG6S,MKS422,PA1K0-GPI-1,,,,FUTURE_SPECTROMOETER,,
142,FEE,,PA1K0-GPI-1,PG6S,MKS317,,,,,FUTURE_SPECTROMOETER,,
143,FEE,,PA1K0-RGA-1,RGA1S,,,,,,FUTURE_SPECTROMOETER,,
144,FEE (SL2S),,PA1K0-PIP-1,IP1S (150L),PIP_Gamma,PA1K0-GCC-1,,,,FUTURE_SPECTROMOETER,,
145,FEE (Diff Pump),,PA1K0,,PIP_Gamma,,,,,FUTURE_SPECTROMOETER,,
146,FEE,,MR1K1-BEND-VGC-1,VV7S,VGC,PA1K0-GCC-1,MR2K3-TXI-GCC-1,,,MR1K1-BEND-VGC-1,FUTURE_SPECTROMOETER,M1K1-VOL
147,FEE(Mirror-M1K1),,MR1K1-BEND-GCC-1,,MKS422,MR1K1-BEND-GPI-1,,,,M1K1-VOL,,
148,FEE(Mirror-M1K1),,MR1K1-BEND-GPI-1,,MKS317,,,,,M1K1-VOL,,
149,FEE(Mirror-M1K1),,MR1K1-BEND-PGT-1,,,,,,,M1K1-VOL,,
150,FEE(Mirror-M1K1),,MR1K1-BEND-PGT-2,,,,,,,M1K1-VOL,,
151,FEE(Mirror-M1K1),,MR1K1-BEND-PIP-1,,PIP_Gamma,MR1K1-BEND-GCC-1,,,,M1K1-VOL,,
152,FEE,,MR1K3-TXI-VGC-1,VV8S,VGC,MR1K1-BEND-GCC-1,MR2K3-TXI-GCC-1,,,MR1K3-TXI-VGC-1,M1K1-VOL,M_K1K3-VOL
153,FEE(Mirror-M2K3),,MR2K3-TXI-GCC-1,,MKS500_EP,MR2K3-TXI-GPI-1,,,,M_K1K3-VOL,,
154,FEE(Mirror-M2K3),,MR2K3-TXI-GPI-1,,MKS275,,,,,M_K1K3-VOL,,
155,FEE(Mirror-M2K3),,MR2K3-TXI-PGT-1,,,,,,,M_K1K3-VOL,,
156,FEE(Mirror-M2K3),,MR2K3-TXI-PGT-2,,,,,,,M_K1K3-VOL,,
157,FEE(Mirror-M2K3),,MR2K3-TXI-PIP-1,,PIP_Gamma,MR2K3-TXI-GCC-1,,,,M_K1K3-VOL,,
158,FEE(Mirror-M1K3),,MR1K3-TXI-GCC-1,,MKS500_EP,MR1K3-TXI-GPI-1,,,,M_K1K3-VOL,,
159,FEE(Mirror-M1K3),,MR1K3-TXI-GPI-1,,MKS275,,,,,M_K1K3-VOL,,
160,FEE(Mirror-M1K3),,MR1K3-TXI-PGT-1,,,,,,,M_K1K3-VOL,,
161,FEE(Mirror-M1K3),,MR1K3-TXI-PGT-2,,,,,,,M_K1K3-VOL,,
162,FEE(Mirror-M1K3),,MR1K3-TXI-PIP-1,,PIP_Gamma,MR1K3-TXI-GCC-1,,,,M_K1K3-VOL,,
163,FEE,,SP1K1-MONO-VGC-1,VV1K1,VGC,MR1K3-TXI-GCC-1,SP1K1-MONO-GCC-1,,,SP1K1-MONO-VGC-1,M_K1K3-VOL,SPI1K1-VOL
164,FEE(Mono SP1K1),,SP1K1-MONO-GCC-1,,MKS500_EP,SP1K1-MONO-GPI-1,,,,SPI1K1-VOL,,
165,FEE(Mono SP1K1),,SP1K1-MONO-GPI-1,,MKS275,,,,,SPI1K1-VOL,,
166,FEE(Mono SP1K1),,SP1K1-MONO-PIP-1,,PIP_Gamma,SP1K1-MONO-GCC-1,,,,SPI1K1-VOL,,
167,FEE(Mono SP1K1),,SP1K1-MONO-PIP-2,,PIP_Gamma,SP1K1-MONO-GCC-1,,,,SPI1K1-VOL,,
168,FEE(Mono SP1K1),,SP1K1-MONO-PGT-1,,,,,,,SPI1K1-VOL,,
169,FEE(Mono SP1K1),,SP1K1-MONO-PGT-2,,,,,,,SPI1K1-VOL,,
170,FEE,,SP1K1-MONO-VGC-2,VV2K1,VGC,,,,,SPI1K1-VOL,,
171,FEE,,IM1K2-PPM-VGC-1,VV1K3,VGC,,,,,SPI1K1-VOL,,
172,FEE,,TV3K0-VGC-1,VV09S,VGC,MR2K3-TXI-GCC-1,TV3K0-GCC-1,,,SPI1K1-VOL,,
173,FEE,,TV3K0-GCC-1,CG7S,MKS500_EP,TV3K0-GPI-1,,,,SPI1K1-VOL,,
174,FEE,,TV3K0-GPI-1,PG7S,MKS275,,,,,SPI1K1-VOL,,
175,FEE,,TV3K0-PIP-1,IP3S,PIP_Gamma,TV3K0-GCC-1,,,,SPI1K1-VOL,,
176,FEE,,MR1K4-SOMS-VGC-1,VV10S,VGC,TV3K0-GCC-1,MR1K4-SOMS-GCC-1,,,MR1K4-SOMS-VGC-1,SPI1K1-VOL,M1K4-VOL
177,FEE(Mirror-M1K4),,MR1K4-SOMS-GCC-1,GCC-M1K4,MKS500_EP,MR1K4-SOMS-GPI-1,,,,M1K4-VOL,,
178,FEE(Mirror-M1K4),,MR1K4-SOMS-GPI-1,GPR-M1K4,MKS275,,,,,M1K4-VOL,,
179,FEE(Mirror-M1K4),,MR1K4-SOMS-PIP-1,IP-5S,PIP_Gamma,MR1K4-SOMS-GCC-1,,,,M1K4-VOL,,
180,FEE(Mirror-M1K4),,MR1K4-SOMS-PGT-1,,,,,,,M1K4-VOL,,
181,FEE(Mirror-M1K4),,MR1K4-SOMS-PGT-2,,,,,,,M1K4-VOL,,
182,FEE,,TV1K4-VGC-1,VV1K4,VGC,,,,,TV1K4-VGC-1,M1K4-VOL,SATT
183,FEE,,TV1K4-VFS-1,FV1K4,VCC,,,,,SATT,,
184,FEE,,ST1K4-TEST-GCC-1,,MKS500_EP,ST1K4-TEST-GPI-1,,,,SATT,,
185,FEE,,ST1K4-TEST-GPI-1,,MKS275,,,,,SATT,,
186,FEE,,TV1K4-VGC-2,VV2K4,VGC,,,,,TV1K4-VGC-2,SATT,FUTURE_MONO
187,FEE (MPS Stopper),,,CG8S,MKS500_EP,,,,,FUTURE_MONO,,
188,FEE (MPS Stopper),,,PG8S,MKS275,,,,,FUTURE_MONO,,
189,FEE (MPS Stopper),,,IP8S,PIP_Gamma,,,,,FUTURE_MONO,,
190,FEE  (BCS Stopper),,,CG9S,MKS500_EP,,,,,FUTURE_MONO,,
191,FEE  (BCS Stopper),,,PG9S,MKS275,,,,,FUTURE_MONO,,
192,FEE  (BCS Stopper),,,IP9S,PIP_Gamma,,,,,FUTURE_MONO,,
193,FEE (PPS Stopper),,,CG10S ,MKS500_EP,,,,,FUTURE_MONO,,
194,FEE (PPS Stopper),,,PG10S,MKS275,,,,,FUTURE_MONO,,
195,FEE (PPS Stopper),,,IP10S,PIP_Gamma,,,,,FUTURE_MONO,,
196,FEE,,ST3K4-XTES-VGC-1,VV3K4,VGC,,,,,FUTURE_MONO,,
197,FEE,,ST4K4-XTES-GCC-1,CG1K4,MKS500_EP,ST4K4-XTES-GPI-1,,,,FUTURE_MONO,,
198,FEE,,ST4K4-XTES-GPI-1,PG1K4,MKS275,,,,,FUTURE_MONO,,
199,FEE,,ST4K4-XTES-PIP-1,IPK4,PIP_Gamma,ST4K4-XTES-GCC-1,,,,FUTURE_MONO,,